researcher,role,studies,institution,lab,institution_lab,full_address,country,continent,Latitude,Longitude,notes
Christina Bergmann,Governing Board,MB-AtHome,Max Planck Institute for Psycholinguistics,Language Development Department,Max Planck Institute for Psycholinguistics - Language Development Department,"Max Planck Institute for Psycholinguistics, Comeniuslaan, 6525 XD Nijmegen, The Netherlands",The Netherlands,Europe,51.8179934,5.8570934,NA
Rhodri Cusack,NA,MB-AtHome,Trinity College Dublin,NA,NA,"College Green, Dublin 2, Ireland",Ireland,Europe,53.3446394,-6.2595373,NA
Lorijn Zaadnoordijk,NA,MB-AtHome,Trinity College Dublin,NA,NA,"College Green, Dublin 2, Ireland",Ireland,Europe,53.3446394,-6.2595373,NA
Sho Tsuji,NA,MB-AtHome,The University of Tokyo,NA,NA,"The University of Tokyo Kashiwa Campus, Todai Higashi Uradori, Kashiwa, Chiba Prefecture 277-8583, Japan",Japan,Asia,35.9023219,139.9358588,NA
Helen Buckler,NA,MB-AtHome,University of Nottingham,NA,NA,"University of Nottingham, University Blvd, Wollaton NG9 2GJ, UK",United Kingdom,Europe,52.938637,-1.195158,NA
Petra Bolitho,NA,MB1,Victoria University of Wellington,NA,NA,"Victoria University of Wellington, Chancery Sq, Auckland Central, Waitematā, New Zealand",New Zealand,Oceania,-36.848322,174.7677,NA
Alia Martin,NA,MB1,Victoria University of Wellington,NA,NA,"Victoria University of Wellington, Chancery Sq, Auckland Central, Waitematā, New Zealand",New Zealand,Oceania,-36.848322,174.7677,NA
Dhanya Dinakar,NA,MB1,Western Sydney University,NA,NA,"Western Sydney University, Kearney Ave, Kingswood NSW 2747, Australia",Australia,Oceania,-33.7685199,150.7288547,NA
Liquan Liu,NA,MB1,Western Sydney University,NA,NA,"Western Sydney University, Kearney Ave, Kingswood NSW 2747, Australia",Australia,Oceania,-33.7685199,150.7288547,NA
Linda E. Campbell,NA,MB1,"University of Newcastle, Australia",NA,NA,"University of Newcastle, Callaghan, University Dr, Callaghan NSW 2308, Australia",Australia,Oceania,-32.8927718,151.7041775,NA
Alix Woolard,NA,MB1,"University of Newcastle, Australia",NA,NA,"University of Newcastle, Callaghan, University Dr, Callaghan NSW 2308, Australia",Australia,Oceania,-32.8927718,151.7041775,NA
Shruthilaya Ramachandran,NA,MB1,National University of Singapore,NA,NA,"21 Lower Kent Ridge Rd, Singapore 119077",Singapore,Asia,1.2971365,103.7775268,NA
Leher Singh,NA,MB1,National University of Singapore,NA,NA,"21 Lower Kent Ridge Rd, Singapore 119077",Singapore,Asia,1.2971365,103.7775268,NA
Natalia Arias-Trejo,NA,MB1,"Universidad Nacional Autónoma de México, UNAM",NA,NA,"National Autonomous University of Mexico, Boulevard Cataratas, Jardines del Pedregal de San Ángel, 04500, Mexico City, Mexico",Mexico,Latin America,19.3228313,-99.1865774,NA
Roberto J. Lazo,NA,MB1,University of Miami,NA,NA,"1320 S Dixie Hwy, Coral Gables, FL 33146, United States",United States,North America,25.713272,-80.2773859,NA
Elizabeth A. Simpson,NA,MB1,University of Miami,NA,NA,"1320 S Dixie Hwy, Coral Gables, FL 33146, United States",United States,North America,25.713272,-80.2773859,NA
Megan Foley,NA,MB1,Florida State University,NA,NA,"Florida State University, 600 West College Ave, Tallahassee, FL 32306-1058, USA",United States,North America,30.4418778,-84.2984889,NA
Michelle Lee,NA,MB1,"University of California, San Diego",NA,NA,"9500 Gilman Dr, La Jolla, CA 92093, United States",United States,North America,32.8824069,-117.2348172,NA
Adena Schachner,NA,MB1,"University of California, San Diego",NA,NA,"9500 Gilman Dr, La Jolla, CA 92093, United States",United States,North America,32.8824069,-117.2348172,NA
Shannon M. Brady,NA,MB1,UCLA,NA,NA,"Los Angeles, CA 90095, United States",United States,North America,34.070264,-118.4440562,NA
Joan Christodoulou,NA,MB1,UCLA,NA,NA,"Los Angeles, CA 90095, United States",United States,North America,34.070264,-118.4440562,NA
Scott P. Johnson,NA,MB1,UCLA,NA,NA,"Los Angeles, CA 90095, United States",United States,North America,34.070264,-118.4440562,NA
Victoria Mateu,NA,MB1,UCLA,NA,NA,"Los Angeles, CA 90095, United States",United States,North America,34.070264,-118.4440562,NA
Megha Sundara,NA,MB1,UCLA,NA,NA,"Los Angeles, CA 90095, United States",United States,North America,34.070264,-118.4440562,NA
Mitsuhiko Ishikawa,NA,MB1,Kyoto University,NA,NA,"Kyoto University, Higashioji dori, Sakyo Ward, Kyoto, Kyoto Prefecture 606-8501, Japan",Japan,Asia,35.0262444,135.7808218,NA
Shoji Itakura,NA,MB1,Kyoto University,NA,NA,"Kyoto University, Higashioji dori, Sakyo Ward, Kyoto, Kyoto Prefecture 606-8501, Japan",Japan,Asia,35.0262444,135.7808218,NA
Yusuke Moriguchi,NA,MB1,Kyoto University,NA,NA,"Kyoto University, Higashioji dori, Sakyo Ward, Kyoto, Kyoto Prefecture 606-8501, Japan",Japan,Asia,35.0262444,135.7808218,NA
Eon-Suk Ko,NA,MB1,Chosun University,NA,NA,"Chosun University, 남광주고가도로, Gwangju, 61473, South Korea",South Korea,Asia,35.1414794,126.9320251,NA
Ayumi Sato,NA,MB1,Shimane University,NA,NA,"1060 Nishikawatsucho, Matsue, Shimane 690-0823, Japan",Japan,Asia,35.4864094,133.0681197,NA
Greg D. Reynolds,NA,MB1,"University of Tennessee, Knoxville",NA,NA,"University of Tennessee, Tce Ave, Knoxville, TN 37916, USA",United States,North America,35.9529465,-83.9363486,NA
Kelly C. Roth,NA,MB1,"University of Tennessee, Knoxville",NA,NA,"University of Tennessee, Tce Ave, Knoxville, TN 37916, USA",United States,North America,35.9529465,-83.9363486,NA
Jessica Hay,NA,MB1,"University of Tennessee, Knoxville",NA,NA,"University of Tennessee, Tce Ave, Knoxville, TN 37916, USA",United States,North America,35.9529465,-83.9363486,NA
Sara Parvanezadeh Esfahani,NA,MB1,"University of Tennessee, Knoxville",NA,NA,"University of Tennessee, Tce Ave, Knoxville, TN 37916, USA",United States,North America,35.9529465,-83.9363486,NA
Elika Bergelson,NA,MB1,Duke University,NA,NA,"Durham, NC 27708, United States",United States,North America,35.9992263,-78.9472089,NA
Jennifer L. Rennels,NA,MB1,"University of Nevada, Las Vegas",NA,NA,"4505 S Maryland Pkwy, Las Vegas, NV 89154, United States",United States,North America,36.1065217,-115.1444487,NA
Yana Ryjova,NA,MB1,"University of Nevada, Las Vegas",NA,NA,"4505 S Maryland Pkwy, Las Vegas, NV 89154, United States",United States,North America,36.1065217,-115.1444487,NA
Erin E. Hannon,NA,MB1,"University of Nevada, Las Vegas",NA,NA,"4505 S Maryland Pkwy, Las Vegas, NV 89154, United States",United States,North America,36.1065217,-115.1444487,NA
Karli M. Nave,NA,MB1,"University of Nevada, Las Vegas",NA,NA,"4505 S Maryland Pkwy, Las Vegas, NV 89154, United States",United States,North America,36.1065217,-115.1444487,NA
Robin Panneton,NA,MB1,Virginia Tech,NA,NA,"Virginia Polytechnic Institute and State University, Lee St, Blacksburg, VA 24060-7401, USA",United States,North America,37.2283843,-80.4234167,NA
Michael C. Frank,Governing Board,MB1,Stanford University,Language and Cognition Lab,Stanford University - Language and Cognition Lab,"Stanford University, Blake Wilbur Dr, Palo Alto, CA 94305-6015, USA",United States,North America,37.4361441,-122.1768566,NA
Michael C. Frank,NA,MB1,Stanford University,NA,NA,"Stanford University, Blake Wilbur Dr, Palo Alto, CA 94305-6015, USA",United States,North America,37.4361441,-122.1768566,NA
Danielle J. Kellier,NA,MB1,Stanford University,NA,NA,"Stanford University, Blake Wilbur Dr, Palo Alto, CA 94305-6015, USA",United States,North America,37.4361441,-122.1768566,NA
Cara Cashon,NA,MB1,University of Louisville,NA,NA,"University of Louisville, Eastern Parkway, Louisville, KY 40204, USA",United States,North America,38.2122761,-85.7585023,NA
Kate C. Dixon,NA,MB1,University of Louisville,NA,NA,"University of Louisville, Eastern Parkway, Louisville, KY 40204, USA",United States,North America,38.2122761,-85.7585023,NA
Nonah M. Olesen,NA,MB1,University of Louisville,NA,NA,"University of Louisville, Eastern Parkway, Louisville, KY 40204, USA",United States,North America,38.2122761,-85.7585023,NA
Krisztina V. Jakobsen,NA,MB1,James Madison University,NA,NA,"800 S Main St, Harrisonburg, VA 22807, United States",United States,North America,38.4400229,-78.8716115,NA
Derek M. Houston,NA,MB1,The Ohio State University,NA,NA,"The Ohio State University, North Star Rd, Upper Arlington, OH 43212, USA",United States,North America,40.0068363,-83.0306222,NA
Doroteja Rubez,NA,MB1,The Ohio State University,NA,NA,"The Ohio State University, North Star Rd, Upper Arlington, OH 43212, USA",United States,North America,40.0068363,-83.0306222,NA
Yuanyuan Wang,NA,MB1,The Ohio State University,NA,NA,"The Ohio State University, North Star Rd, Upper Arlington, OH 43212, USA",United States,North America,40.0068363,-83.0306222,NA
Teresa Flanagan,NA,MB1,Franklin & Marshall College,NA,NA,"Franklin & Marshall College, Old Main Dr, Lancaster, PA 17604, USA",United States,North America,40.0487391,-76.3199227,NA
Lauren H. Howard,NA,MB1,Franklin & Marshall College,NA,NA,"Franklin & Marshall College, Old Main Dr, Lancaster, PA 17604, USA",United States,North America,40.0487391,-76.3199227,NA
Steven G. Luke,NA,MB1,Brigham Young University,NA,NA,"Brigham Young University, Field House Dr, Provo, UT 84606, USA",United States,North America,40.2492507,-111.6544376,NA
Rebecca A. Lundwall,NA,MB1,Brigham Young University,NA,NA,"Brigham Young University, Field House Dr, Provo, UT 84606, USA",United States,North America,40.2492507,-111.6544376,NA
Casey Lew-Williams,NA,MB1,Princeton University,NA,NA,"Princeton University, Alexander St, Princeton, NJ 08540, USA",United States,North America,40.3430942,-74.6550739,NA
Christine Potter,NA,MB1,Princeton University,NA,NA,"Princeton University, Alexander St, Princeton, NJ 08540, USA",United States,North America,40.3430942,-74.6550739,NA
Arielle Borovsky,NA,MB1,Purdue University,NA,NA,"610 Purdue Mall, West Lafayette, IN 47907, United States",United States,North America,40.428246,-86.9143911,NA
Amanda Seidl,NA,MB1,Purdue University,NA,NA,"610 Purdue Mall, West Lafayette, IN 47907, United States",United States,North America,40.428246,-86.9143911,NA
Didar Karadag,NA,MB1,Bogazici University,NA,NA,"Bebek, 34342 Beşiktaş/İstanbul, Turkey",Turkey,Asia,41.0777437,29.0416286,NA
Gaye Soley,NA,MB1,Bogazici University,NA,NA,"Bebek, 34342 Beşiktaş/İstanbul, Turkey",Turkey,Asia,41.0777437,29.0416286,NA
Alexis K. Black,NA,MB1,Haskins Laboratories,NA,NA,"300 George St #900, New Haven, CT 06511, United States",United States,North America,41.3048024,-72.9311075,NA
Jill Lany,NA,MB1,University of Notre Dame,NA,NA,"Notre Dame, IN 46556, United States",United States,North America,41.7001908,-86.2379328,NA
Abbie Thompson,NA,MB1,University of Notre Dame,NA,NA,"Notre Dame, IN 46556, United States",United States,North America,41.7001908,-86.2379328,NA
Benjamin Morris,NA,MB1,University of Chicago,NA,NA,"The University of Chicago, 5801 South Ellis Ave, Chicago, IL 60637, USA",United States,North America,41.7886079,-87.5987133,NA
Daniel Yurovsky,NA,MB1,University of Chicago,NA,NA,"The University of Chicago, 5801 South Ellis Ave, Chicago, IL 60637, USA",United States,North America,41.7886079,-87.5987133,NA
Brock Ferguson,NA,MB1,Strong Analytics,NA,NA,"330 N Wabash Ave. 23rd Floor. Chicago, IL 60611, US.",United States,North America,41.8886304,-87.6274989,NA
Miriam A Novack,NA,MB1,Northwestern University,NA,NA,"633 Clark St, Evanston, IL 60208, United States",United States,North America,42.0506265,-87.6797271,NA
Sandra Waxman,NA,MB1,Northwestern University,NA,NA,"633 Clark St, Evanston, IL 60208, United States",United States,North America,42.0506265,-87.6797271,NA
Mihye Choi,NA,MB1,University of Massachusetts Boston,NA,NA,"University of Massachusetts Boston, 150 Mount Vernon St, Boston, MA 02125, USA",United States,North America,42.3144915,-71.0373279,NA
Mohinish Shukla,NA,MB1,University of Massachusetts Boston,NA,NA,"University of Massachusetts Boston, 150 Mount Vernon St, Boston, MA 02125, USA",United States,North America,42.3144915,-71.0373279,NA
Sara Cordes,NA,MB1,Boston College,NA,NA,"Boston College, 140 Commonwealth Ave, Newton, MA 02467, USA",United States,North America,42.3355488,-71.1684945,NA
Sophie Savelkouls,NA,MB1,Boston College,NA,NA,"Boston College, 140 Commonwealth Ave, Newton, MA 02467, USA",United States,North America,42.3355488,-71.1684945,NA
Melissa Kline,NA,MB1,Massachusetts Institute of Technology,NA,NA,"77 Massachusetts Ave, Cambridge, MA 02139, United States",United States,North America,42.3592444,-71.0931389,NA
Jonathan F. Kominsky,NA,MB1,Harvard University,NA,NA,"Cambridge, MA, United States",United States,North America,42.3736158,-71.1097335,NA
Jenny Saffran,NA,MB1,University of Wisconsin-Madison,NA,NA,"University of Wisconsin-Madison, West Gilman St, Madison, WI 53703, USA",United States,North America,43.0753906,-89.3921809,NA
Martin Zettersten,NA,MB1,University of Wisconsin-Madison,NA,NA,"University of Wisconsin-Madison, West Gilman St, Madison, WI 53703, USA",United States,North America,43.0753906,-89.3921809,NA
Haley E. Kragness,NA,MB1,McMaster University,NA,NA,"1280 Main St W, Hamilton, ON L8S 4L8, Canada",Canada,North America,43.2622445,-79.9202861,NA
Laurel J. Trainor,NA,MB1,McMaster University,NA,NA,"1280 Main St W, Hamilton, ON L8S 4L8, Canada",Canada,North America,43.2622445,-79.9202861,NA
Laura K. Cirelli,NA,MB1,University of Toronto Mississauga,NA,NA,"3359 Mississauga Rd, Mississauga, ON L5L 1C6, Canada",Canada,North America,43.5482823,-79.6645141,NA
Sandra E. Trehub,NA,MB1,University of Toronto Mississauga,NA,NA,"3359 Mississauga Rd, Mississauga, ON L5L 1C6, Canada",Canada,North America,43.5482823,-79.6645141,NA
Dare Baldwin,NA,MB1,University of Oregon,NA,NA,"1585 E 13th Ave, Eugene, OR 97403, United States",United States,North America,44.0459883,-123.0704296,NA
Jessica E. Kosie,NA,MB1,University of Oregon,NA,NA,"1585 E 13th Ave, Eugene, OR 97403, United States",United States,North America,44.0459883,-123.0704296,NA
Christopher Fennell,NA,MB1,University of Ottawa,NA,NA,"75 Laurier Ave E, Ottawa, ON K1N 6N5, Canada",Canada,North America,45.4244969,-75.6864737,NA
Angeline Sin-Mei Tsui,NA,MB1,University of Ottawa,NA,NA,"75 Laurier Ave E, Ottawa, ON K1N 6N5, Canada",Canada,North America,45.4244969,-75.6864737,NA
Krista Byers-Heinlein,NA,MB1,Concordia University,NA,NA,"FOFA Gallery, 1515 r Ste-Catherine Ouest, Montreal, QC H3H 2T2, Canada",Canada,North America,45.4953889,-73.5781954,NA
Meghan Mastroberardino,NA,MB1,Concordia University,NA,NA,"FOFA Gallery, 1515 r Ste-Catherine Ouest, Montreal, QC H3H 2T2, Canada",Canada,North America,45.4953889,-73.5781954,NA
Adriel John Orena,NA,MB1,McGill University,NA,NA,"McGill University, Chemin le Serpentin, Montreal, QC H3A 1A3, Canada",Canada,North America,45.5025572,-73.5808286,NA
Linda Polka,NA,MB1,McGill University,NA,NA,"McGill University, Chemin le Serpentin, Montreal, QC H3A 1A3, Canada",Canada,North America,45.5025572,-73.5808286,NA
Viola Macchi Cassia,NA,MB1,University of Milano-Bicocca,NA,NA,"Piazza della Scienza, 1, 20126 Milano MI, Italy",Italy,Europe,45.5131796,9.2108959,NA
Stefania Conte,NA,MB1,University of Milano-Bicocca,NA,NA,"Piazza della Scienza, 1, 20126 Milano MI, Italy",Italy,Europe,45.5131796,9.2108959,NA
Anja Gampe,NA,MB1,University of Zurich,NA,NA,"Rämistrasse 71, 8006 Zürich, Switzerland",Switzerland,Europe,47.3746043,8.5488515,NA
Stephanie Wermelinger,NA,MB1,University of Zurich,NA,NA,"Rämistrasse 71, 8006 Zürich, Switzerland",Switzerland,Europe,47.3746043,8.5488515,NA
Mikołaj Hernik,NA,MB1,Central European University,NA,NA,"Central European University, Budapest, Nádor u, 1051, Hungary",Hungary,Europe,47.5005395,19.04958,NA
Bettina Braun,NA,MB1,University of Konstanz,NA,NA,"Konstanz, Baden-Württemberg, Germany",Germany,Europe,47.6779496,9.1732384,NA
Katharina Zahner,NA,MB1,University of Konstanz,NA,NA,"Konstanz, Baden-Württemberg, Germany",Germany,Europe,47.6779496,9.1732384,NA
Stéphanie Barbu,NA,MB1,Université de Rennes 1 - CNRS,NA,NA,"263 Avenue Général Leclerc, 35700 Rennes, France",France,Europe,48.1143217,-1.6406784,NA
Virginie Durier,NA,MB1,Université de Rennes 1 - CNRS,NA,NA,"263 Avenue Général Leclerc, 35700 Rennes, France",France,Europe,48.1143217,-1.6406784,NA
Chloé Leservoisier,NA,MB1,Université de Rennes 1 - CNRS,NA,NA,"263 Avenue Général Leclerc, 35700 Rennes, France",France,Europe,48.1143217,-1.6406784,NA
Markus Paulus,NA,MB1,Ludwig Maximilian University,NA,NA,"Geschwister-Scholl-Platz 1, 80539 München, Germany",Germany,Europe,48.1509185,11.5798609,NA
Carolina Pletti,NA,MB1,Ludwig Maximilian University,NA,NA,"Geschwister-Scholl-Platz 1, 80539 München, Germany",Germany,Europe,48.1509185,11.5798609,NA
Alejandrina Cristia,NA,MB1,"Laboratoire de Sciences Cognitives et Psycholinguistique, Dept d'Etudes Cognitives, ENS, PSL University, EHESS, CNRS",NA,NA,"54 Boulevard Raspail, 75006 Paris, France",France,Europe,48.8501757,2.3269332,NA
Naomi Havron,NA,MB1,"Laboratoire de Sciences Cognitives et Psycholinguistique, Dept d'Etudes Cognitives, ENS, PSL University, EHESS, CNRS",NA,NA,"54 Boulevard Raspail, 75006 Paris, France",France,Europe,48.8501757,2.3269332,NA
Thierry Nazzi,NA,MB1,Université Paris Descartes,NA,NA,"Université de Paris - Site de Saint-Germain-des-Près, 45 r des Saints-Pères, 75006 Paris, France",France,Europe,48.8553052,2.3318301,NA
Katie Von Holzen,NA,MB1,Université Paris Descartes,NA,NA,"Université de Paris - Site de Saint-Germain-des-Près, 45 r des Saints-Pères, 75006 Paris, France",France,Europe,48.8553052,2.3318301,NA
Judit Gervain,NA,MB1,Université Paris Descartes,NA,NA,"Université de Paris - Site de Saint-Germain-des-Près, 45 r des Saints-Pères, 75006 Paris, France",France,Europe,48.8553052,2.3318301,NA
Caterina Marino,NA,MB1,Université Paris Descartes,NA,NA,"Université de Paris - Site de Saint-Germain-des-Près, 45 r des Saints-Pères, 75006 Paris, France",France,Europe,48.8553052,2.3318301,NA
Gisa Aschersleben,NA,MB1,Saarland University,NA,NA,"66123 Saarbrücken, Germany",Germany,Europe,49.2489232,7.017559,NA
Andrea A.R. Krieger,NA,MB1,Saarland University,NA,NA,"66123 Saarbrücken, Germany",Germany,Europe,49.2489232,7.017559,NA
J. Kiley Hamlin,NA,MB1,University of British Columbia,NA,NA,"University of British Columbia, Sopron Lane, University Endowment Lands, BC V6T 1L9, Canada",Canada,North America,49.2603572,-123.2473357,NA
Janet F. Werker,NA,MB1,University of British Columbia,NA,NA,"University of British Columbia, Sopron Lane, University Endowment Lands, BC V6T 1L9, Canada",Canada,North America,49.2603572,-123.2473357,NA
Florian Krieger,NA,MB1,University of Luxembourg,NA,NA,"2, avenue de l'Université, 4365 Esch-sur-Alzette, Luxembourg",Luxembourg,Europe,49.504553,5.948429,NA
Kelsey Klassen,NA,MB1,University of Manitoba,NA,NA,"University of Manitoba, Normand Park Dr, Winnipeg, MB R3T 2S9, Canada",Canada,North America,49.8075008,-97.1366259,NA
Melanie Soderstrom,NA,MB1,University of Manitoba,NA,NA,"University of Manitoba, Normand Park Dr, Winnipeg, MB R3T 2S9, Canada",Canada,North America,49.8075008,-97.1366259,NA
Caroline Floccia,NA,MB1,University of Plymouth,NA,NA,"Drake Circus, Plymouth PL4 8AA, United Kingdom",United Kingdom,Europe,50.374697,-4.1376293,NA
Maximilian P. Böhland,NA,MB1,Technische Universität Dresden,NA,NA,"Technische Universität Dresden, Haeckelstraße, 01069 Dresden, Germany",Germany,Europe,51.0292734,13.7289964,NA
Christine Michel,NA,MB1,Max Planck Institute for Human Cognitive and Brain Sciences,NA,NA,"Stephanstraße 1a, 04103 Leipzig, Germany",Germany,Europe,51.3346436,12.3891418,NA
Graham Schafer,NA,MB1,University of Reading,NA,NA,"Reading, United Kingdom",United Kingdom,Europe,51.4542645,-0.9781303,NA
Ryan Blything,NA,MB1,University of Bristol,NA,NA,"University of Bristol, Woodland Rd, Bristol BS2, UK",United Kingdom,Europe,51.4584172,-2.6029792,NA
Nivedita Mani,NA,MB1,University of Goettingen,NA,NA,"Wilhelmsplatz 1, 37073 Göttingen, Germany",Germany,Europe,51.5340918,9.9378899,NA
Melanie S. Schreiner,NA,MB1,University of Goettingen,NA,NA,"Wilhelmsplatz 1, 37073 Göttingen, Germany",Germany,Europe,51.5340918,9.9378899,NA
Matthias Lippold,NA,MB1,University of Goettingen,NA,NA,"Wilhelmsplatz 1, 37073 Göttingen, Germany",Germany,Europe,51.5340918,9.9378899,NA
Nayeli Gonzalez-Gomez,NA,MB1,Oxford Brookes University,NA,NA,"Oxford Brookes University Gipsy Lane Site, Grays Rd, Oxford OX3 7PU, UK",United Kingdom,Europe,51.755011,-1.224225,NA
Paula Fikkert,NA,MB1,Radboud University,NA,NA,"Houtlaan 4, 6525 XZ Nijmegen, Netherlands",Netherlands,Europe,51.8167344,5.8649906,NA
Laura E. Hahn,NA,MB1,Radboud University,NA,NA,"Houtlaan 4, 6525 XZ Nijmegen, Netherlands",Netherlands,Europe,51.8167344,5.8649906,NA
Katharina Menn,NA,MB1,Radboud University,NA,NA,"Houtlaan 4, 6525 XZ Nijmegen, Netherlands",Netherlands,Europe,51.8167344,5.8649906,NA
Christina Bergmann,NA,MB1,Max Planck Insitute for Psycholinguistics,NA,NA,"Max Planck Institute for Psycholinguistics, Comeniuslaan, 6525 XD Nijmegen, The Netherlands",The Netherlands,Europe,51.8179934,5.8570934,NA
Rebecca L. A. Frost,NA,MB1,Max Planck Institute for Psycholinguistics,NA,NA,"Max Planck Institute for Psycholinguistics, Comeniuslaan, 6525 XD Nijmegen, The Netherlands",The Netherlands,Europe,51.8179934,5.8570934,NA
Claire Delle Luche,NA,MB1,University of Essex,NA,NA,"Wivenhoe Park, Colchester CO4 3SQ, United Kingdom",United Kingdom,Europe,51.8768245,0.9531797,NA
Maartje de Klerk,NA,MB1,Utrecht University,NA,NA,"Domplein 29, 3512 JE Utrecht, Netherlands",Netherlands,Europe,52.0902537,5.1225664,NA
Caroline Junge,NA,MB1,Utrecht University,NA,NA,"Domplein 29, 3512 JE Utrecht, Netherlands",Netherlands,Europe,52.0902537,5.1225664,NA
Anna Gupta,NA,MB1,Leiden University,NA,NA,"Leiden University, Niels Bohrweg, 2333 CD Leiden, The Netherlands",The Netherlands,Europe,52.1696121,4.4568618,NA
Claartje Levelt,NA,MB1,Leiden University,NA,NA,"Leiden University, Niels Bohrweg, 2333 CD Leiden, The Netherlands",The Netherlands,Europe,52.1696121,4.4568618,NA
Tom Fritzsche,NA,MB1,University of Potsdam,NA,NA,"Am Neuen Palais 10, 14469 Potsdam, Germany",Germany,Europe,52.4003952,13.0130902,NA
Barbara Höhle,NA,MB1,University of Potsdam,NA,NA,"Am Neuen Palais 10, 14469 Potsdam, Germany",Germany,Europe,52.4003952,13.0130902,NA
Rhodri Cusack,NA,MB1,Trinity College Dublin,NA,NA,"College Green, Dublin 2, Ireland",Ireland,Europe,53.3446394,-6.2595373,NA
Anna Brown,NA,MB1,University of Liverpool,NA,NA,"Liverpool L69 3BX, United Kingdom",United Kingdom,Europe,53.4063986,-2.975554,NA
Samantha Durrant,NA,MB1,University of Liverpool,NA,NA,"Liverpool L69 3BX, United Kingdom",United Kingdom,Europe,53.4063986,-2.975554,NA
Claire Noble,NA,MB1,University of Liverpool,NA,NA,"Liverpool L69 3BX, United Kingdom",United Kingdom,Europe,53.4063986,-2.975554,NA
Laura de Ruiter,NA,MB1,University of Manchester,NA,NA,"Oxford Rd, Manchester M13 9PL, United Kingdom",United Kingdom,Europe,53.4667304,-2.2341758,NA
Alissa Ferry,NA,MB1,University of Manchester,NA,NA,"Oxford Rd, Manchester M13 9PL, United Kingdom",United Kingdom,Europe,53.4667304,-2.2341758,NA
Iain Jackson,NA,MB1,University of Manchester,NA,NA,"Oxford Rd, Manchester M13 9PL, United Kingdom",United Kingdom,Europe,53.4667304,-2.2341758,NA
Anna Theakston,NA,MB1,University of Manchester,NA,NA,"Oxford Rd, Manchester M13 9PL, United Kingdom",United Kingdom,Europe,53.4667304,-2.2341758,NA
Katherine Twomey,NA,MB1,University of Manchester,NA,NA,"Oxford Rd, Manchester M13 9PL, United Kingdom",United Kingdom,Europe,53.4667304,-2.2341758,NA
Marianna Jarto,NA,MB1,University of Hamburg,NA,NA,"Universität Hamburg, Mittelweg 177, 20148 Hamburg, Germany",Germany,Europe,53.5641623,9.9949699,NA
Ulf Liszkowski,NA,MB1,University of Hamburg,NA,NA,"Universität Hamburg, Mittelweg 177, 20148 Hamburg, Germany",Germany,Europe,53.5641623,9.9949699,NA
Catherine Davies,NA,MB1,University of Leeds,NA,NA,"Woodhouse, Leeds LS2 9JT, United Kingdom",United Kingdom,Europe,53.8079251,-1.5540873,NA
Christopher Cox,NA,MB1,University of York,NA,NA,"University of York, Field Lane, Heslington YO10 5DD, UK",United Kingdom,Europe,53.9461089,-1.0517718,NA
Tamar Keren-Portnoy,NA,MB1,University of York,NA,NA,"University of York, Field Lane, Heslington YO10 5DD, UK",United Kingdom,Europe,53.9461089,-1.0517718,NA
Katherine Jane Alcock,NA,MB1,Lancaster University,NA,NA,"Lancaster University, Lancaster University Woodland Walk, Lancaster LA1 4XP, UK",United Kingdom,Europe,54.0103942,-2.7877294,NA
Charlotte Rothwell,NA,MB1,Lancaster University,NA,NA,"Lancaster University, Lancaster University Woodland Walk, Lancaster LA1 4XP, UK",United Kingdom,Europe,54.0103942,-2.7877294,NA
Mitsuhiko Ota,NA,MB1,University of Edinburgh,NA,NA,"Old College, South Bridge, Edinburgh EH8 9YL, United Kingdom",United Kingdom,Europe,55.9475296,-3.1864979,NA
Barbora Skarabela,NA,MB1,University of Edinburgh,NA,NA,"Old College, South Bridge, Edinburgh EH8 9YL, United Kingdom",United Kingdom,Europe,55.9475296,-3.1864979,NA
Hugh Rabagliati,NA,MB1,University of Edinburgh,NA,NA,"Old College, South Bridge, Edinburgh EH8 9YL, United Kingdom",United Kingdom,Europe,55.9475296,-3.1864979,NA
Natalia Kartushina,NA,MB1,University of Oslo,NA,NA,"University of Oslo, Henrik Ibsens gate, 0120 Oslo, Norway",Norway,Europe,59.9153582,10.7351718,NA
Julien Mayor,NA,MB1,University of Oslo,NA,NA,"University of Oslo, Henrik Ibsens gate, 0120 Oslo, Norway",Norway,Europe,59.9153582,10.7351718,NA
Anna S. Trøan,NA,MB1,University of Oslo,NA,NA,"University of Oslo, Henrik Ibsens gate, 0120 Oslo, Norway",Norway,Europe,59.9153582,10.7351718,NA
Angeline Sin-Mei Tsui,NA,MB1A,Stanford University,NA,NA,"Stanford University, Blake Wilbur Dr, Palo Alto, CA 94305-6015, USA",United States,North America,37.4361441,-122.1768566,NA
Michael C. Frank,NA,MB1A,Stanford University,NA,NA,"Stanford University, Blake Wilbur Dr, Palo Alto, CA 94305-6015, USA",United States,North America,37.4361441,-122.1768566,NA
Casey Lew-Williams,NA,MB1A,Princeton University,NA,NA,"Princeton University, Alexander St, Princeton, NJ 08540, USA",United States,North America,40.3430942,-74.6550739,NA
NA,NA,MB1A,Aga Khan University Institute for Human Development,NA,NA,"2nd Parklands Avenue, Nairobi, Kenya",Kenya,Africa,-1.2612514,36.8170701,Add researchers names
NA,NA,MB1A,Sefako Makgatho Health Sciences University,NA,NA,"Molotlegi St, Ga-Rankuwa Zone 1, Ga-Rankuwa, 0208, South Africa",South Africa,Africa,-25.6132262,27.9896045,Add researchers names
NA,NA,MB1A,"Maseno University, Main Campus (Maseno)",NA,NA,"Near Maseno Post Office,Kisumu-Busia Road,Maseno, Kisumu, Kenya",Kenya,Africa,-0.0089854,34.5996809,Add researchers names
NA,NA,MB1A,University of Rwanda,NA,NA,"KK 737 St, Kigali, Rwanda",Rwanda,Africa,-1.9620707,30.0748506,Add researchers names
NA,NA,MB1A,Addis Ababa University,NA,NA,"Dejamach Beyene Merid St, Addis Ababa, Ethiopia",Ethiopia,Africa,8.983482,38.753161,Add researchers names
NA,NA,MB1A,Makerere University,NA,NA,"University Rd, Kampala, Uganda",Uganda,Africa,0.3326347,32.5685861,Add researchers names
NA,NA,MB1A,"University of Jos, Nigeria",NA,NA,"Jos, Nigeria",Nigeria,Africa,9.8965273,8.8583309,Add researchers names
NA,NA,MB1A,Busara Center for Behavioral Economics,NA,NA,"5th Floor, Daykio Plaza, Lane, Ngong Ln, Nairobi, Kenya",Kenya,Africa,-1.3010649,36.7855132,Add researchers names
NA,NA,MB1A,Universite Cheikh Anta Diop (UCAD),NA,NA,"Dakar, Senegal",Senegal,Africa,14.716677,-17.4676861,Add researchers names
NA,NA,MB1A,Chancellor College of the University of Malawi,NA,NA,"Zomba, Malawi",Malawi,Africa,-15.3765857,35.3356518,Add researchers names
NA,NA,MB1A,Accra,NA,NA,"Accra, Ghana",Ghana,Africa,5.6037168,-0.1869644,Add researchers names
Liquan Liu,NA,MB1B,Western Sydney University,NA,NA,"Western Sydney University, Kearney Ave, Kingswood NSW 2747, Australia",Australia,Oceania,-33.7685199,150.7288547,NA
Connor Waddell,NA,MB1B,Western Sydney University,NA,NA,"Western Sydney University, Kearney Ave, Kingswood NSW 2747, Australia",Australia,Oceania,-33.7685199,150.7288547,NA
Leher Singh,NA,MB1B,National University of Singapore,NA,NA,"21 Lower Kent Ridge Rd, Singapore 119077",Singapore,Asia,1.2971365,103.7775268,NA
Megha Sundara,NA,MB1B,UCLA,NA,NA,"Los Angeles, CA 90095, United States",United States,North America,34.070264,-118.4440562,NA
Victoria Mateu,NA,MB1B,UCLA,NA,NA,"Los Angeles, CA 90095, United States",United States,North America,34.070264,-118.4440562,NA
Michael C. Frank,NA,MB1B,Stanford University,NA,NA,"Stanford University, Blake Wilbur Dr, Palo Alto, CA 94305-6015, USA",United States,North America,37.4361441,-122.1768566,NA
Angeline Sin Mei Tsui,NA,MB1B,Stanford University,NA,NA,"Stanford University, Blake Wilbur Dr, Palo Alto, CA 94305-6015, USA",United States,North America,37.4361441,-122.1768566,NA
Casey Lew-Williams,NA,MB1B,Princeton University,NA,NA,"Princeton University, Alexander St, Princeton, NJ 08540, USA",United States,North America,40.3430942,-74.6550739,NA
Christine E. Potter,NA,MB1B,Princeton University,NA,NA,"Princeton University, Alexander St, Princeton, NJ 08540, USA",United States,North America,40.3430942,-74.6550739,NA
Jessica Kosie,NA,MB1B,Princeton University,NA,NA,"Princeton University, Alexander St, Princeton, NJ 08540, USA",United States,North America,40.3430942,-74.6550739,NA
Christopher T. Fennell,NA,MB1B,University of Ottawa,NA,NA,"76 Laurier Ave E, Ottawa, ON K1N 6N5, Canada",Canada,North America,45.4244969,-75.6864737,NA
Krista Byers-Heinlein,NA,MB1B,Concordia University,NA,NA,"FOFA Gallery, 1515 r Ste-Catherine Ouest, Montreal, QC H3H 2T2, Canada",Canada,North America,45.4953889,-73.5781954,NA
Meghan Mastroberardino,NA,MB1B,Concordia University,NA,NA,"FOFA Gallery, 1515 r Ste-Catherine Ouest, Montreal, QC H3H 2T2, Canada",Canada,North America,45.4953889,-73.5781954,NA
Hilary Killam,NA,MB1B,Concordia University,NA,NA,"FOFA Gallery, 1515 r Ste-Catherine Ouest, Montreal, QC H3H 2T2, Canada",Canada,North America,45.4953889,-73.5781954,NA
Linda Polka,NA,MB1B,McGill University,NA,NA,"McGill University, Chemin le Serpentin, Montreal, QC H3A 1A3, Canada",Canada,North America,45.5025572,-73.5808286,NA
Adriel John Orena,NA,MB1B,McGill University,NA,NA,"McGill University, Chemin le Serpentin, Montreal, QC H3A 1A3, Canada",Canada,North America,45.5025572,-73.5808286,NA
Shila Kerr,NA,MB1B,McGill University,NA,NA,"McGill University, Chemin le Serpentin, Montreal, QC H3A 1A3, Canada",Canada,North America,45.5025572,-73.5808286,NA
Anja Gampe,NA,MB1B,University of Zurich,NA,NA,"Rämistrasse 71, 8006 Zürich, Switzerland",Switzerland,Europe,47.3746043,8.5488515,NA
Stephanie Wermelinger,NA,MB1B,University of Zurich,NA,NA,"Rämistrasse 71, 8006 Zürich, Switzerland",Switzerland,Europe,47.3746043,8.5488515,NA
Çgnes Melinda KovÇ­cs,NA,MB1B,Central European University,NA,NA,"Central European University, Budapest, Nádor u, 1051, Hungary",Hungary,Europe,47.5005395,19.04958,NA
Maria Julia Carbajal,NA,MB1B,"ENS, EHESS, CNRS, PSL University",NA,NA,"263 Avenue Général Leclerc, 35700 Rennes, France",France,Europe,48.1143217,-1.6406784,NA
Naomi Havron,NA,MB1B,"ENS, EHESS, CNRS, PSL University",NA,NA,"263 Avenue Général Leclerc, 35700 Rennes, France",France,Europe,48.1143217,-1.6406784,NA
Anne-Caroline FiÇ¸vet,NA,MB1B,"ENS, EHESS, CNRS, PSL University",NA,NA,"263 Avenue Général Leclerc, 35700 Rennes, France",France,Europe,48.1143217,-1.6406784,NA
Judit Gervain,NA,MB1B,"Integrative Neuroscience and Cognition Center (INCC), CNRS & UniversitÇ¸ Paris Descartes",NA,NA,"Université de Paris - Site de Saint-Germain-des-Près, 45 r des Saints-Pères, 75006 Paris, France",France,Europe,48.8553052,2.3318301,NA
Caterina Marino,NA,MB1B,"Integrative Neuroscience and Cognition Center (INCC), CNRS & UniversitÇ¸ Paris Descartes",NA,NA,"Université de Paris - Site de Saint-Germain-des-Près, 45 r des Saints-Pères, 75006 Paris, France",France,Europe,48.8553052,2.3318301,NA
J. Kiley Hamlin,NA,MB1B,University of British Columbia,NA,NA,"University of British Columbia, Sopron Lane, University Endowment Lands, BC V6T 1L9, Canada",Canada,North America,49.2603572,-123.2473357,NA
Janet Werker,NA,MB1B,University of British Columbia,NA,NA,"University of British Columbia, Sopron Lane, University Endowment Lands, BC V6T 1L9, Canada",Canada,North America,49.2603572,-123.2473357,NA
Alexis Black,NA,MB1B,University of British Columbia,NA,NA,"University of British Columbia, Sopron Lane, University Endowment Lands, BC V6T 1L9, Canada",Canada,North America,49.2603572,-123.2473357,NA
Melanie Soderstrom,NA,MB1B,University of Manitoba,NA,NA,"University of Manitoba, Normand Park Dr, Winnipeg, MB R3T 2S9, Canada",Canada,North America,49.8075008,-97.1366259,NA
Kelsey Klassen,NA,MB1B,University of Manitoba,NA,NA,"University of Manitoba, Normand Park Dr, Winnipeg, MB R3T 2S9, Canada",Canada,North America,49.8075008,-97.1366259,NA
Schreiner Melanie S.,NA,MB1B,Max Planck Institute for Human Cognitive and Brain Sciences,NA,NA,"Stephanstraße 1a, 04103 Leipzig, Germany",Germany,Europe,51.3346436,12.3891418,NA
Nivedita Mani,NA,MB1B,University of Goettingen,NA,NA,"Wilhelmsplatz 1, 37073 Göttingen, Germany",Germany,Europe,51.5340918,9.9378899,NA
Nayeli Gonzalez-Gomez,NA,MB1B,Oxford Brookes University,NA,NA,"Oxford Brookes University Gipsy Lane Site, Grays Rd, Oxford OX3 7PU, UK",United Kingdom,Europe,51.755011,-1.224225,NA
Christina Bergmann,NA,MB1B,Max Planck Institute for Psycholinguistics,NA,NA,"Max Planck Institute for Psycholinguistics, Comeniuslaan, 6525 XD Nijmegen, The Netherlands",The Netherlands,Europe,51.8179934,5.8570934,NA
Samantha Durrant,NA,MB1B,University of Liverpool,NA,NA,"Liverpool L69 3BX, United Kingdom",United Kingdom,Europe,53.4063986,-2.975554,NA
Claire Noble,NA,MB1B,University of Liverpool,NA,NA,"Liverpool L69 3BX, United Kingdom",United Kingdom,Europe,53.4063986,-2.975554,NA
Anna Brown,NA,MB1B,University of Liverpool,NA,NA,"Liverpool L69 3BX, United Kingdom",United Kingdom,Europe,53.4063986,-2.975554,NA
Miko?aj Hernik,NA,MB1B,UiT The Arctic University of Norway,NA,NA,"UiT The Arctic University of Norway, campus Narvik, Høgskolebakken 2, 8514 Narvik, Norway",Norway,Europe,68.436098,17.434807,NA
Alia Martin,NA,MB1L,Victoria University of Wellington,NA,NA,"Victoria University of Wellington, Chancery Sq, Auckland Central, WaitematŽ, New Zealand",New Zealand,Oceania,-36.848322,174.7677,NA
Laura Anderson,NA,MB1L,Victoria University of Wellington,NA,NA,"Victoria University of Wellington, Chancery Sq, Auckland Central, WaitematŽ, New Zealand",New Zealand,Oceania,-36.848322,174.7677,NA
Eon-Suk Ko,NA,MB1L,Chosun University,NA,NA,"Chosun University, 남광주고가도로, Gwangju, 61473, South Korea",South Korea,Asia,35.1414794,126.9320251,NA
Jessica Hay,NA,MB1L,"University of Tennessee, Knoxville",NA,NA,"University of Tennessee, Tce Ave, Knoxville, TN 37916, USA",United States,North America,35.9529465,-83.9363486,NA
Yana Ryjova,NA,MB1L,"University of Nevada, Las Vegas",NA,NA,"4506 S Maryland Pkwy, Las Vegas, NV 89154, United States",United States,North America,36.1065217,-115.1444487,NA
Jennifer L. Rennels,NA,MB1L,"University of Nevada, Las Vegas",NA,NA,"4507 S Maryland Pkwy, Las Vegas, NV 89154, United States",United States,North America,36.1065217,-115.1444487,NA
Karli M. Nave,NA,MB1L,"University of Nevada, Las Vegas",NA,NA,"4508 S Maryland Pkwy, Las Vegas, NV 89154, United States",United States,North America,36.1065217,-115.1444487,NA
Erin E. Hannon,NA,MB1L,"University of Nevada, Las Vegas",NA,NA,"4509 S Maryland Pkwy, Las Vegas, NV 89154, United States",United States,North America,36.1065217,-115.1444487,NA
Angeline Sin-Mei Tsui,NA,MB1L,Stanford University,NA,NA,"Stanford University, Blake Wilbur Dr, Palo Alto, CA 94305-6015, USA",United States,North America,37.4361441,-122.1768566,NA
Michael C. Frank,NA,MB1L,Stanford University,NA,NA,"Stanford University, Blake Wilbur Dr, Palo Alto, CA 94305-6015, USA",United States,North America,37.4361441,-122.1768566,NA
Cara Cashon,NA,MB1L,University of Louisville,NA,NA,"University of Louisville, Eastern Parkway, Louisville, KY 40204, USA",United States,North America,38.2122761,-85.7585023,NA
Casey Lew-Williams,NA,MB1L,Princeton University,NA,NA,"Princeton University, Alexander St, Princeton, NJ 08540, USA",United States,North America,40.3430942,-74.6550739,NA
Christine Potter,NA,MB1L,Princeton University,NA,NA,"Princeton University, Alexander St, Princeton, NJ 08540, USA",United States,North America,40.3430942,-74.6550739,NA
Amanda Seidl,NA,MB1L,Purdue University,NA,NA,"611 Purdue Mall, West Lafayette, IN 47907, United States",United States,North America,40.428246,-86.9143911,NA
Alexis K. Black,NA,MB1L,Haskins Laboratories,NA,NA,"300 George St #900, New Haven, CT 06511, United States",United States,North America,41.3048024,-72.9311075,NA
Krista Byers-Heinlein,Governing Board,MB1L,Concordia University CA,Concordia Infant Research Laboratory,Concordia University CA - Concordia Infant Research Laboratory,"FOFA Gallery, 1515 r Ste-Catherine Ouest, Montreal, QC H3H 2T2, Canada",Canada,North America,45.4953889,-73.5781954,NA
Ana Maria Gonzalez-Barrero,NA,MB1L,Concordia University,NA,NA,"FOFA Gallery, 1515 r Ste-Catherine Ouest, Montreal, QC H3H 2T2, Canada",Canada,North America,45.4953889,-73.5781954,NA
Krista Byers-Heinlein,NA,MB1L,Concordia University,NA,NA,"FOFA Gallery, 1515 r Ste-Catherine Ouest, Montreal, QC H3H 2T2, Canada",Canada,North America,45.4953889,-73.5781954,NA
Anja Gampe,NA,MB1L,University of Zurich,NA,NA,"Rämistrasse 71, 8006 Zürich, Switzerland",Switzerland,Europe,47.3746043,8.5488515,NA
Markus Paulus,NA,MB1L,University of Munich,NA,NA,"Geschwister-Scholl-Platz 1, 80539 München, Germany",Germany,Europe,48.1509185,11.5798609,NA
Marina Kammermeier,NA,MB1L,University of Munich,NA,NA,"Geschwister-Scholl-Platz 1, 80539 München, Germany",Germany,Europe,48.1509185,11.5798609,NA
Janet F. Werker,NA,MB1L,University of British Columbia,NA,NA,"University of British Columbia, Sopron Lane, University Endowment Lands, BC V6T 1L9, Canada",Canada,North America,49.2603572,-123.2473357,NA
Kiley Hamlin,NA,MB1L,University of British Columbia,NA,NA,"University of British Columbia, Sopron Lane, University Endowment Lands, BC V6T 1L9, Canada",Canada,North America,49.2603572,-123.2473357,NA
Melanie Soderstrom,NA,MB1L,University of Manitoba,NA,NA,"University of Manitoba, Normand Park Dr, Winnipeg, MB R3T 2S9, Canada",Canada,North America,49.8075008,-97.1366259,NA
Abigail Searle,NA,MB1L,University of Plymouth,NA,NA,"Drake Circus, Plymouth PL4 8AA, United Kingdom",United Kingdom,Europe,50.374697,-4.1376293,NA
Caroline Floccia,NA,MB1L,University of Plymouth,NA,NA,"Drake Circus, Plymouth PL4 8AA, United Kingdom",United Kingdom,Europe,50.374697,-4.1376293,NA
Nayeli Gonzalez-Gomez,NA,MB1L,Oxford Brookes University,NA,NA,"Oxford Brookes University Gipsy Lane Site, Grays Rd, Oxford OX3 7PU, UK",United Kingdom,Europe,51.755011,-1.224225,NA
Christina Bergmann,NA,MB1L,Max Planck Insitute for Psycholinguistics,NA,NA,"Max Planck Institute for Psycholinguistics, Comeniuslaan, 6525 XD Nijmegen, The Netherlands",The Netherlands,Europe,51.8179934,5.8570934,NA
Claire Delle Luche,NA,MB1L,University of Essex,NA,NA,"Wivenhoe Park, Colchester CO4 3SQ, United Kingdom",United Kingdom,Europe,51.8768245,0.9531797,NA
Tom Fritzsche,NA,MB1L,University of Potsdam,NA,NA,"Am Neuen Palais 10, 14469 Potsdam, Germany",Germany,Europe,52.4003952,13.0130902,NA
Claire Noble,NA,MB1L,University of Liverpool,NA,NA,"Liverpool L69 3BX, United Kingdom",United Kingdom,Europe,53.4063986,-2.975554,NA
Andrew Jessop,NA,MB1L,University of Liverpool,NA,NA,"Liverpool L69 3BX, United Kingdom",United Kingdom,Europe,53.4063986,-2.975554,NA
Samantha Durrant,NA,MB1L,University of Liverpool,NA,NA,"Liverpool L69 3BX, United Kingdom",United Kingdom,Europe,53.4063986,-2.975554,NA
Catherine Davies,NA,MB1L,University of Leeds,NA,NA,"Woodhouse, Leeds LS2 9JT, United Kingdom",United Kingdom,Europe,53.8079251,-1.5540873,NA
Barbora Skarabela,NA,MB1L,University of Edinburgh,NA,NA,"Old College, South Bridge, Edinburgh EH8 9YL, United Kingdom",United Kingdom,Europe,55.9475296,-3.1864979,NA
Mitsuhiko Ota,NA,MB1L,University of Edinburgh,NA,NA,"Old College, South Bridge, Edinburgh EH8 9YL, United Kingdom",United Kingdom,Europe,55.9475296,-3.1864979,NA
Julien Mayor,NA,MB1L,University of Oslo,NA,NA,"University of Oslo, Henrik Ibsens gate, 0120 Oslo, Norway",Norway,Europe,59.9153582,10.7351718,NA
Natalia Kartushina,NA,MB1L,University of Oslo,NA,NA,"University of Oslo, Henrik Ibsens gate, 0120 Oslo, Norway",Norway,Europe,59.9153582,10.7351718,NA
Gaye Soley,NA,MB1N,Bogazici University,NA,NA,"Bebek, 34342 Beşiktaş/İstanbul, Turkey",Turkey,Asia,41.0777437,29.0416286,NA
Durier V. - Barbu S.,NA,MB1N,Rennes1 University,NA,NA,"263 Avenue Général Leclerc, 35700 Rennes, France",France,Europe,48.1143217,-1.6406784,NA
Melanie Soderstrom,NA,MB1N,University of Manitoba,NA,NA,"University of Manitoba, Normand Park Dr, Winnipeg, MB R3T 2S9, Canada",Canada,North America,49.8075008,-97.1366259,NA
Paula Fikkert,NA,MB1N,Radboud University,NA,NA,"Houtlaan 4, 6525 XZ Nijmegen, Netherlands",Netherlands,Europe,51.8167344,5.8649906,NA
Laura Hahn,NA,MB1N,Radboud University,NA,NA,"Houtlaan 4, 6525 XZ Nijmegen, Netherlands",Netherlands,Europe,51.8167344,5.8649906,NA
Caroline Junge,NA,MB1N,Utrecht University,NA,NA,"Domplein 29, 3512 JE Utrecht, Netherlands",Netherlands,Europe,52.0902537,5.1225664,NA
Claartje Levelt,NA,MB1N,Leiden University,NA,NA,"Leiden University, Niels Bohrweg, 2333 CD Leiden, The Netherlands",The Netherlands,Europe,52.1696121,4.4568618,NA
"Kartushina N., Mayor, J.",NA,MB1N,University of Oslo,NA,NA,"University of Oslo, Henrik Ibsens gate, 0120 Oslo, Norway",Norway,Europe,59.9153582,10.7351718,NA
"Chladkova K., Smolik F.",NA,MB1N,Czech Academy of Sciences,NA,NA,"Czech Academy of Sciences, Divadelní, 116 65 Prague, Czech Republic",Czech Republic,Europe,50.0816138,14.4142,NA
Michael C. Frank,NA,MB1T,Stanford University,NA,NA,"Stanford University, Blake Wilbur Dr, Palo Alto, CA 94305-6015, USA",United States,North America,37.4361441,-122.1768566,NA
Mohinish Shukla,NA,MB1T,University of Massachusetts Boston,NA,NA,"University of Massachusetts Boston, 150 Mount Vernon St, Boston, MA 02125, USA",United States,North America,42.3144915,-71.0373279,NA
Kiley Hamlin,NA,MB1T,University of British Columbia,NA,NA,"University of British Columbia, Sopron Lane, University Endowment Lands, BC V6T 1L9, Canada",Canada,North America,49.2603572,-123.2473357,NA
Melanie Soderstrom,NA,MB1T,University of Manitoba,NA,NA,"University of Manitoba, Normand Park Dr, Winnipeg, MB R3T 2S9, Canada",Canada,North America,49.8075008,-97.1366259,NA
Melanie S. Schreiner,NA,MB1T,University of Goettingen,NA,NA,"Wilhelmsplatz 1, 37073 Göttingen, Germany",Germany,Europe,51.5340918,9.9378899,NA
Matthias Lippold,NA,MB1T,University of Goettingen,NA,NA,"Wilhelmsplatz 1, 37073 Göttingen, Germany",Germany,Europe,51.5340918,9.9378899,NA
Nayeli Gonzalez-Gomez,NA,MB1T,Oxford Brookes University,NA,NA,"Oxford Brookes University Gipsy Lane Site, Grays Rd, Oxford OX3 7PU, UK",United Kingdom,Europe,51.755011,-1.224225,NA
Christina Bergmann,NA,MB1T,Max Planck Insitute for Psycholinguistics,NA,NA,"Max Planck Institute for Psycholinguistics, Comeniuslaan, 6525 XD Nijmegen, The Netherlands",The Netherlands,Europe,51.8179934,5.8570934,NA
Przemyslaw Tomalski,NA,MB1T,Polish Academy of Sciences,NA,NA,"Polish Academy of Sciences (former Staszic Palace), Świętokrzyska, 00-360 Warsaw, Poland",Poland,Europe,52.2378167,21.0181646,NA
Priya Silverstein,NA,MB1T,University of Surrey,NA,NA,"University of Surrey, Daphne Jackson Rd, Guildford GU2 7XH, UK",United Kingdom,Europe,51.236974,-0.609369,NA
Michael C. Frank,NA,MB2,Stanford University,NA,NA,"Stanford University, Blake Wilbur Dr, Palo Alto, CA 94305-6015, USA",United States,North America,37.4361441,-122.1768566,NA
Peter Joseph Reschke,NA,MB2,Brigham Young University,NA,NA,"Brigham Young University, Field House Dr, Provo, UT 84606, USA",United States,North America,40.2492507,-111.6544376,NA
Marlene Meyer,NA,MB2,University of Chicago,NA,NA,"The University of Chicago, 5801 South Ellis Ave, Chicago, IL 60637, USA",United States,North America,41.7886079,-87.5987133,NA
Tobias Schuwerk,NA,MB2,Ludwig Maximilian University,NA,NA,"Geschwister-Scholl-Platz 1, 80539 München, Germany",Germany,Europe,48.1509185,11.5798609,NA
Kiley Hamlin,Governing Board,MB2,University of British Columbia,Centre for Infant Cognition,University of British Columbia - Centre for Infant Cognition,"University of British Columbia, Sopron Lane, University Endowment Lands, BC V6T 1L9, Canada",Canada,North America,49.2603572,-123.2473357,NA
J. Kiley Hamlin,NA,MB2,University of British Columbia,NA,NA,"University of British Columbia, Sopron Lane, University Endowment Lands, BC V6T 1L9, Canada",Canada,North America,49.2603572,-123.2473357,NA
Hannes Rakoczy,NA,MB2,University of Goettingen,NA,NA,"Wilhelmsplatz 1, 37073 Göttingen, Germany",Germany,Europe,51.5340918,9.9378899,NA
Christian K. Tamnes,NA,MB2,University of Oslo,NA,NA,"University of Oslo, Henrik Ibsens gate, 0120 Oslo, Norway",Norway,Europe,59.9153582,10.7351718,NA
Heather L. Kosakowski,NA,MB2,Massachusetts Institute of Technology,NA,NA,"77 Massachusetts Ave, Cambridge, MA 02139, United States",United States,North America,42.3592444,-71.0931389,NA
Amy Lieberman,NA,MB2,Boston University,NA,NA,"Boston University, 975-985 Commonwealth Ave, Boston, MA 02215, USA",United States,North America,42.3521,-71.1197509,NA
Dora Kampis,NA,MB2,Copenhagen University,NA,NA,"Det Teologiske Fakultet, Københavns Universitet, Købmagergade, 1150 Copenhagen, Denmark",Denmark,Europe,55.662148,12.588087,NA
Victoria Southgate,NA,MB2,University of Copenhagen,NA,NA,"Det Teologiske Fakultet, Københavns Universitet, Købmagergade, 1150 Copenhagen, Denmark",Denmark,Europe,55.662148,12.588087,NA
Joscelin Rocha-Hidalgo,NA,MB2,Georgetown University,NA,NA,"Georgetown University, 3700 O St NW, Washington, DC 20057, USA",United States,North America,38.9076089,-77.0722585,NA
Ioana Anca Lymperopoulou,NA,MB2,University of SkÇôvde,NA,NA,"Högskolevägen 1, 541 28 Skövde, Sweden",Sweden,Europe,58.3941677,13.8536072,NA
George Kachergis,NA,MB3,Stanford University,NA,NA,"Stanford University, Blake Wilbur Dr, Palo Alto, CA 94305-6015, USA",United States,North America,37.4361441,-122.1768566,NA
Melissa Kline,Governing Board,MB3,Center for Open Science,NA,Center for Open Science -,"210 Ridge McIntire Rd STE 500, Charlottesville, VA 22903, United States",United States,North America,38.0318841,-78.4841551,NA
Jessica Kosie,NA,MB3,Princeton University,NA,NA,"Princeton University, Alexander St, Princeton, NJ 08540, USA",United States,North America,40.3430942,-74.6550739,NA
Mohinish Shukla,NA,MB3,University of Massachusetts Boston,NA,NA,"University of Massachusetts Boston, 150 Mount Vernon St, Boston, MA 02125, USA",United States,North America,42.3144915,-71.0373279,NA
Krista Byers-Heinlein,NA,MB3,Concordia University,NA,NA,"FOFA Gallery, 1515 r Ste-Catherine Ouest, Montreal, QC H3H 2T2, Canada",Canada,North America,45.4953889,-73.5781954,NA
Clara Levelt,NA,MB3,Leiden University,NA,NA,"Leiden University, Niels Bohrweg, 2333 CD Leiden, The Netherlands",The Netherlands,Europe,52.1696121,4.4568618,NA
Ingmar Visser,NA,MB3,University of Amsterdam,NA,NA,"Amsterdam University College, Carolina MacGillavrylaan, 1098 XA Amsterdam, The Netherlands",The Netherlands,Europe,52.3549395,4.9511709,NA
Michael C. Frank,NA,MB4,Stanford University,NA,NA,"Stanford University, Blake Wilbur Dr, Palo Alto, CA 94305-6015, USA",United States,North America,37.4361441,-122.1768566,NA
Peter Joseph Reschke,NA,MB4,Brigham Young University,NA,NA,"Brigham Young University, Field House Dr, Provo, UT 84606, USA",United States,North America,40.2492507,-111.6544376,NA
Casey Lew-Williams,Governing Board,MB4,Princeton University,Princeton Baby Lab,Princeton University - Princeton Baby Lab,"Princeton University, Alexander St, Princeton, NJ 08540, USA",United States,North America,40.3430942,-74.6550739,NA
Jonathan F. Kominsky,NA,MB4,Rutgers University,NA,NA,"Zimmerli Art Museum, 71 Hamilton St, New Brunswick, NJ 08901-1248, USA",United States,North America,40.4997532,-74.4458397,NA
Krista Byers-Heinlein,NA,MB4,Concordia University,NA,NA,"FOFA Gallery, 1515 r Ste-Catherine Ouest, Montreal, QC H3H 2T2, Canada",Canada,North America,45.4953889,-73.5781954,NA
Denis Tatone,NA,MB4,Central European University,NA,NA,"Central European University, Budapest, Nádor u, 1051, Hungary",Hungary,Europe,47.5005395,19.04958,NA
Francis Yuen,NA,MB4,University of British Columbia,NA,NA,"University of British Columbia, Sopron Lane, University Endowment Lands, BC V6T 1L9, Canada",Canada,North America,49.2603572,-123.2473357,NA
Kiley Hamlin,NA,MB4,University of British Columbia,NA,NA,"University of British Columbia, Sopron Lane, University Endowment Lands, BC V6T 1L9, Canada",Canada,North America,49.2603572,-123.2473357,NA
Laura Schlingloff,NA,MB4,Central European University,NA,NA,"Central European University, Budapest, Nádor u, 1051, Hungary",Hungary,Europe,47.5005395,19.04958,NA
Melanie Soderstrom,NA,MB4,University of Manitoba,NA,NA,"University of Manitoba, Normand Park Dr, Winnipeg, MB R3T 2S9, Canada",Canada,North America,49.8075008,-97.1366259,NA
Arthur Capelier-Mourguy,NA,MB4,Lancaster University,NA,NA,"Lancaster University, Lancaster University Woodland Walk, Lancaster LA1 4XP, UK",United Kingdom,Europe,54.0103942,-2.7877294,NA
Kelsey Lucca,NA,MB4,Arizona State University,NA,NA,"Arizona State University, South Mill Ave, Tempe, AZ 85281, USA",United States,North America,33.4242399,-111.9280527,NA
Annette M. E. Henderson,NA,MB4,University of Auckland,NA,NA,"University of Auckland, Alfred St, Auckland Central, Waitematā 1010, New Zealand",New Zealand,Oceania,-36.8523378,174.7691073,NA
Zoe Liberman,NA,MB4,"University of California, Santa Barbara",NA,NA,"University of California, Santa Barbara, CA 93106, USA",United States,North America,34.4135868,-119.8496976,NA
Jessica Sommerville,NA,MB4,University of Toronto,NA,NA,"University of Toronto, University Ave, Toronto, ON M5S 3M2, Canada",Canada,North America,43.6628917,-79.3956564,NA
Francesco Margoni,NA,MB4,University of Trento,NA,NA,"Former Central Library, University of Trento, V Giuseppe Verdi, 38122 Trento Territorio Val d'Adige, Italy",Italy,Europe,46.0662785,11.1168245,NA
Jessica Kosie,NA,MB5,Princeton University,NA,NA,"Princeton University, Alexander St, Princeton, NJ 08540, USA",United States,North America,40.3430942,-74.6550739,NA
Casey Lew-Williams,NA,MB5,Princeton University,NA,NA,"Princeton University, Alexander St, Princeton, NJ 08540, USA",United States,North America,40.3430942,-74.6550739,NA
Martin Zettersten,NA,MB5,Princeton University,NA,NA,"Princeton University, Alexander St, Princeton, NJ 08540, USA",United States,North America,40.3430942,-74.6550739,NA
Christina Bergmann,NA,MB5,Max Planck Insitute for Psycholinguistics,NA,NA,"Max Planck Institute for Psycholinguistics, Comeniuslaan, 6525 XD Nijmegen, The Netherlands",The Netherlands,Europe,51.8179934,5.8570934,NA
